{"initial_reset_timestamp": 1550157807.5668669, "timestamps": [1550157817.8266127, 1550157828.0906143, 1550157828.4469242, 1550157828.7373054, 1550157829.0019777, 1550157829.234143, 1550157829.4683843, 1550157829.7227125, 1550157838.5004647, 1550157838.8193595, 1550157839.015719, 1550157839.2142603, 1550157839.4343646, 1550157839.692352, 1550157839.9539998, 1550157840.185068, 1550157840.4533505, 1550157840.606625, 1550157840.8055882, 1550157840.9229777, 1550157841.0400684, 1550157841.1360252, 1550157841.3808527, 1550157841.6242461, 1550157841.8670974, 1550157842.0849638, 1550157842.228808, 1550157847.4982362, 1550157847.8074813, 1550157847.9361963, 1550157848.0959413, 1550157848.2435315, 1550157848.3910468, 1550157848.4775712, 1550157848.571069, 1550157848.6851485, 1550157848.8734207, 1550157848.9474201, 1550157849.068979, 1550157849.1852686, 1550157849.2962685, 1550157849.4140158, 1550157849.4926796, 1550157849.5814548, 1550157849.713136, 1550157849.8308306, 1550157849.9135454, 1550157849.9964936, 1550157850.0804105, 1550157850.1597548, 1550157850.216301, 1550157850.2853398, 1550157850.3683357, 1550157850.5117111, 1550157850.5746207, 1550157850.6801965, 1550157850.734112, 1550157850.810268, 1550157850.9130592, 1550157851.0257623, 1550157851.1066072, 1550157851.161308, 1550157851.2476766, 1550157851.3564825, 1550157853.8152583, 1550157853.9994462, 1550157854.0622797, 1550157854.1274369, 1550157854.1882098, 1550157854.249932, 1550157854.3081567, 1550157854.3592942, 1550157854.4987605, 1550157854.5855024, 1550157854.6530266, 1550157854.7090263, 1550157854.7518764, 1550157854.8265047, 1550157854.8923144, 1550157854.9483862, 1550157855.001179, 1550157855.0750375, 1550157855.1240742, 1550157855.1673477, 1550157855.226905, 1550157855.274897, 1550157855.3193057, 1550157855.3812718, 1550157855.4325464, 1550157855.477809, 1550157855.5219822, 1550157855.5794246, 1550157855.638256, 1550157855.6761289, 1550157855.7216356, 1550157855.775069, 1550157855.81632, 1550157855.8620634, 1550157855.902336, 1550157855.9487693, 1550157855.9896626, 1550157856.0369287, 1550157856.0757394, 1550157856.11852, 1550157856.158846, 1550157856.194322, 1550157856.233941, 1550157856.2723055, 1550157856.3180373, 1550157856.3715384, 1550157856.4130824, 1550157856.4517324, 1550157856.5246193, 1550157856.5713255, 1550157856.6103811, 1550157856.649572, 1550157856.6966448, 1550157856.7431777, 1550157856.7962584, 1550157856.8662865, 1550157856.9174752, 1550157856.9483721, 1550157856.9904084, 1550157857.0433104, 1550157857.0843287, 1550157859.103922, 1550157859.3183467, 1550157859.3857553, 1550157859.4611273, 1550157859.5105133, 1550157859.5559227, 1550157859.5846875, 1550157859.6302156, 1550157859.6702626, 1550157859.72177, 1550157859.753957, 1550157859.802722, 1550157859.8488019, 1550157859.8863757, 1550157859.91977, 1550157859.9710386, 1550157860.0057683, 1550157860.0486083, 1550157860.0833528, 1550157860.1332676, 1550157860.176809, 1550157860.2219448, 1550157860.2642844, 1550157860.307282, 1550157860.3490407, 1550157860.3883975, 1550157860.4218657, 1550157860.456917, 1550157860.4990106, 1550157860.5360532, 1550157860.5874608, 1550157860.6287148, 1550157860.6688054, 1550157860.704315, 1550157860.7438843, 1550157860.7841525, 1550157860.8193798, 1550157860.8573823, 1550157860.9163432, 1550157860.951728, 1550157860.9865687, 1550157861.024226, 1550157861.0558567, 1550157861.0836813, 1550157861.1256466, 1550157861.1619318, 1550157861.2423933, 1550157861.2761006, 1550157861.321477, 1550157861.357955, 1550157861.3990178, 1550157861.4325325, 1550157861.4711173, 1550157861.5086186, 1550157861.5412276, 1550157861.6004522, 1550157861.633341, 1550157861.6620471, 1550157861.6990707, 1550157861.7351668, 1550157861.7678518, 1550157861.8053873, 1550157861.837736, 1550157861.8719304, 1550157861.9123745, 1550157861.9510486, 1550157861.9946744, 1550157862.0333278, 1550157862.0729966, 1550157862.11094, 1550157862.1398456, 1550157862.1667433, 1550157862.2100189, 1550157862.262818, 1550157862.3019617, 1550157862.3372235, 1550157862.381355, 1550157862.412418, 1550157862.4425666, 1550157862.478861, 1550157862.5270658, 1550157862.5664847, 1550157862.6011145, 1550157862.6513834, 1550157862.7003534, 1550157862.739355, 1550157862.7956705, 1550157862.829689, 1550157862.877553, 1550157862.9174225, 1550157862.957091, 1550157864.38386, 1550157864.562585, 1550157864.6210246, 1550157864.6706645, 1550157864.7700646, 1550157864.8235962, 1550157864.8876915, 1550157864.9185166, 1550157864.9779198, 1550157865.0134392, 1550157865.047359, 1550157865.090757, 1550157865.128334, 1550157865.1672678, 1550157865.2094562, 1550157865.2427213, 1550157865.2788935, 1550157865.3133695, 1550157865.34725, 1550157865.3831403, 1550157865.456561, 1550157865.4938633, 1550157865.5288434, 1550157865.5649252, 1550157865.603213, 1550157865.6331322, 1550157865.670289, 1550157865.7109718, 1550157865.7441723, 1550157865.7888594, 1550157865.828588, 1550157865.8665712, 1550157865.9101772, 1550157865.947842, 1550157865.9859402, 1550157866.0201015, 1550157866.0500512, 1550157866.0893502, 1550157866.1258001, 1550157866.1649437, 1550157866.200264, 1550157866.232922, 1550157866.2590845, 1550157866.3007188, 1550157866.3365831, 1550157866.3785222, 1550157866.407789, 1550157866.449909, 1550157866.4793584, 1550157866.5317383, 1550157866.587322, 1550157866.6305306, 1550157866.6622713, 1550157866.691074, 1550157866.727485, 1550157866.75701, 1550157866.7950716, 1550157866.8381546, 1550157866.8696666, 1550157866.9276426, 1550157867.0055854, 1550157867.053927, 1550157867.083808, 1550157867.1238658, 1550157867.1709464, 1550157867.2137885, 1550157867.2479904, 1550157867.292389, 1550157867.3251069, 1550157867.3908055, 1550157867.425681, 1550157867.4786606, 1550157867.5170562, 1550157867.5537562, 1550157867.5825553, 1550157867.6176744, 1550157867.6544304, 1550157867.6892812, 1550157867.723924, 1550157867.7657335, 1550157867.8045413, 1550157867.8491387, 1550157867.8889174, 1550157867.9204202, 1550157867.9624662, 1550157868.015371, 1550157868.0548253, 1550157868.0897813, 1550157868.1496603, 1550157868.188131, 1550157868.2364237, 1550157868.2686765, 1550157868.310149, 1550157868.3601272, 1550157868.4162679, 1550157868.4490643, 1550157868.4906523, 1550157868.529349, 1550157868.5876203, 1550157868.6323154, 1550157868.677086, 1550157868.7451644, 1550157868.7723703, 1550157868.8048348, 1550157868.8420603, 1550157868.8690927, 1550157868.9092505, 1550157868.9541793, 1550157868.9844515, 1550157869.0189881, 1550157869.0549757, 1550157869.0971746, 1550157869.1322565, 1550157869.1709898, 1550157869.2129695, 1550157869.2516146, 1550157869.2897882, 1550157869.3292131, 1550157869.3722246, 1550157869.4040031, 1550157869.4411457, 1550157869.4702358, 1550157869.5066686, 1550157869.5448806, 1550157869.595363, 1550157869.6255534, 1550157869.6675475, 1550157871.0677054, 1550157871.2140148, 1550157871.2419937, 1550157871.2742808, 1550157871.3050766, 1550157871.336073, 1550157871.3763344, 1550157871.408637, 1550157871.4449, 1550157871.481385, 1550157871.5137022, 1550157871.5534375, 1550157871.582115, 1550157871.6175926, 1550157871.649122, 1550157871.6778579, 1550157871.7130566, 1550157871.7485645, 1550157871.7831933, 1550157871.81414, 1550157871.8545618, 1550157871.8904388, 1550157871.9208229, 1550157871.9466884, 1550157871.9782078],